Workbook
Name Slicer_AQI_Category: #N/A
Name Slicer_Dominant_Pollutant: #N/A
Name Slicer_Months__Date: #N/A
Name Slicer_Zone: #N/A

Sheet Objective Requirement
B2: Objective: I will analyse air quality of Delhi
B4: What will I analyze? | J4: Analysis category:
D5: 1. Month-wise and day-wise changes in AQI | L5: 1.Seasonal level
D6: 2. Identification of seasonal pollution spikes | L6: 2. Zones level
D7: 3. Clean vs polluted periods of the year | L7: 3.Pollutant level
D8: 4. Average AQI of each city zone | L8: 4. AQI Category level
D9: 5. Most polluted and least polluted zones | L9: 5. Weather level
D10: 6. Consistency or fluctuation in zone-level air quality
D11: 7. Levels of major pollutants
D12: 8. Dominant pollutant
D13: 9. Comparison of pollutant concentrations across zones
D14: 10. No. of days of different AQI categories
D15: 11. Trend of unhealthy air days
D16: 12. Relationship between AQI and temperature
D17: 13. influence of humidity and wind speed on pollution
D18: 13. Weather condition vs AQI
D19: 14. Days exceeding safe AQI limits
D20: 15. Zones with recurring high-AQI days
D21: 16. Key factors responsible for pollution spikes

Sheet Dashboard
A1: Delhi Smart City AQI Monitoring Dashboard – 2024

Sheet KPIs
B2: Q1. What is average AQI of Delhi
B3: Q2. How much was the highest AQI level reached in Delhi?
B4: Q3. Which is the cleanest zone in Delhi?
B5: Q4. Which is Most polluted Zone in Delhi?
B6: Q5. Which is the most dominant pollutant in air of Delhi?
B9: Q1.
B10: Average AQI : | D10: =AVERAGE('Delhi AQI Data'!R2:R1826) -> 193.72603
B12: Q2
B13: Maximum AQI: | D13: =MAX('Delhi AQI Data'!R2:R1826) -> 500
B15: Q3
B16: Cleanest zone: | D16: =INDEX('Zones level analysis'!B8:C12,MATCH(MIN('Zones level analysis'!C8:C12),'Zones level analysis'!C8:C12,0),1) -> East Residential
B18: Q4
B19: Most polluted Zone: | D19: =INDEX('Zones level analysis'!B8:C12,MATCH(MAX('Zones level analysis'!C8:C12),'Zones level analysis'!C8:C12,0),1) -> North Industrial
B21: Q4
B22: Most dominant pollutant | D22: =INDEX('Polluntant level Analysis'!$B$8:$C$12,MATCH(MAX('Polluntant level Analysis'!$C$8:$C$12),'Polluntant level Analysis'!C8:C12,0),1) -> PM10

Sheet Zones level analysis
B2: Q1: Which zone of Delhi has the highest average AQI?
B3: Q2: Which zone consistently shows the cleanest air?
B4: Q3: Which zone has the highest number of "Poor" or "Hazardous" days?
B6: Q1:
B7: Zones | C7: Average AQI
B8: North Industrial | C8: 222.45205
B9: Central City | C9: 200.40548
B10: West Highway | C10: 198.89041
B11: South Market | C11: 178.54795
B12: East Residential | C12: 168.33425
B15: Q2:
C16: =INDEX($B$7:$C$12,MATCH(MIN($C$8:$C$12),$C$7:$C$12,0),1) -> East Residential
B18: Q3:
B19: No. of Days | C19: AQI_Category
B20: Zones | C20: Hazardous | D20: Moderate | E20: Poor | F20: Very Poor
B21: Central City | C21: 39 | D21: 11 | E21: 204 | F21: 111
B22: East Residential | C22: 18 | D22: 37 | E22: 231 | F22: 79
B23: North Industrial | C23: 60 | D23: 7 | E23: 168 | F23: 130
B24: South Market | C24: 18 | D24: 25 | E24: 229 | F24: 93
B25: West Highway | C25: 39 | D25: 18 | E25: 192 | F25: 116
B27: =INDEX($B$21:$F$25,MATCH(MAX($C$21:$C$25),$C$21:$C$25,0),1) -> North Industrial

Sheet Seasonal level analysis
B2: Q1. How did the AQI of Delhi change month by month
B3: Q2. Which month recorded the worst air quality and which had the cleanest air?
B5: Q1.
B6: Months | C6: Average AQI
B7: Jan | C7: 250.71613
B8: Feb | C8: 261.57931
B9: Mar | C9: 167.41935
B10: Apr | C10: 169.5
B11: May | C11: 167.94194
B12: Jun | C12: 148.68
B13: Jul | C13: 152.75484
B14: Aug | C14: 149.27742
B15: Sep | C15: 175.06667
B16: Oct | C16: 172.4129
B17: Nov | C17: 258.20667
B18: Dec | C18: 256.81333
B20: Q2.
B21: Worst air month | D21: =INDEX(B7:C18,MATCH(MAX(C7:C18),C7:C18,0),1) -> Feb
B22: Cleanest air month | D22: =INDEX(B7:C18,MATCH(MIN(C7:C18),C7:C18,0),1) -> Jun

Sheet Polluntant level Analysis
B2: Q1: Which Pollutant contributes the most to AQI in Delhi?
B3: Q2: How do pollutants levels differ across zones
B4: Q3: which zones has the highest concentration of PM2.5 or PM10
B6: Q1:
B7: Pollutant | C7: Pollutant_level
B8: PM10 | C8: 802
B9: PM2.5 | C9: 466
B10: O3 | C10: 457
B11: CO | C11: 63
B12: NO2 | C12: 37
B14: Q2.
B15: Zones | C15: Average PM2.5 | D15: Average PM10 | E15: Average NO2 | F15: Average SO2 | G15: Average O3 | H15: Average CO
B16: Central City | C16: 79.036986 | D16: 154.18329 | E16: 58.372329 | F16: 10.996877 | G16: 43.797534 | H16: 1.5963562
B17: East Residential | C17: 68.272055 | D17: 131.73123 | E17: 49.254521 | F17: 8.8872055 | G17: 35.243288 | H17: 1.3003836
B18: North Industrial | C18: 87.919452 | D18: 178.9189 | E18: 67.237534 | F18: 11.282959 | G18: 48.526301 | H18: 1.7632603
B19: South Market | C19: 66.644932 | D19: 138.33534 | E19: 53.801096 | F19: 9.5008767 | G19: 39.850411 | H19: 1.4147123
B20: West Highway | C20: 77.937534 | D20: 155.46466 | E20: 52.560274 | F20: 10.705863 | G20: 44.003562 | H20: 1.5403836
B22: Q3.
B23: Zone with highest PM2.5 concentration | D23: =INDEX($B$16:$H$20,MATCH(MAX($C$16:$C$20),$C$16:$C$20,0),1) -> North Industrial
B24: Zone with highest PM10 concentration | D24: =INDEX($B$16:$H$20,MATCH(MAX($D$16:$D$20),$D$16:$D$20,0),1) -> North Industrial

Sheet AQI Category Analysis
B2: Q1: What percentage of days fall under Good, Moderate, Poor, Very Poor, and Hazardous categories?
B3: Q2: In which months do hazardous AQI alerts occur most frequently?
B5: Q1
B6: AQI_Category | C6: No. of days | D6: % of Days
B7: Hazardous | C7: 174 | D7: 0.095342466
B8: Moderate | C8: 98 | D8: 0.05369863
B9: Poor | C9: 1024 | D9: 0.56109589
B10: Very Poor | C10: 529 | D10: 0.28986301
B12: Q2.
B13: AQI_Category | C13: Hazardous
B15: Months | C15: Hazardous AQI_Alerts
B16: Dec | C16: 41
B17: Nov | C17: 45
B18: Oct | C18: 2
B19: Sep | C19: 2
B20: Jul | C20: 1
B21: Jun | C21: 1
B22: Apr | C22: 2
B23: Mar | C23: 1
B24: Feb | C24: 40
B25: Jan | C25: 39
B26: Grand Total | C26: 174

Sheet Delhi AQI Data
A1: Date | B1: Zone | C1: PM2.5_ug/m3 | D1: PM10_ug/m3 | E1: NO2_ug/m3 | F1: SO2_ug/m3 | G1: O3_ug/m3 | H1: CO_mg/m3 | I1: Temp_C | J1: Humidity_% | K1: WindSpeed_m/s | L1: PM2.5_index | M1: PM10_index | N1: NO2_index | O1: SO2_index | P1: O3_index | Q1: CO_index | R1: AQI | S1: AQI_Category | T1: Dominant_Pollutant
A2: 45292 | B2: Central City | C2: 137.8 | D2: 205.5 | E2: 106.6 | F2: 28.73 | G2: 35.3 | H2: 1.95 | I2: 31.1 | J2: 73.8 | K2: 1.94 | L2: 229.66667 | M2: 205.5 | N2: 133.25 | O2: 71.825 | P2: 88.25 | Q2: 97.5 | R2: 230 | S2: {=_xlfn.IFS($R2<=50,"Good",$R2<=100,"Moderate",$R2<=200,"Poor",$R2<=300,"Very Poor",$R2<=500,"Hazardous")} -> Very Poor | T2: PM2.5
A3: 45292 | B3: North Industrial | C3: 152.6 | D3: 184.4 | E3: 71.4 | F3: 18.42 | G3: 1 | H3: 0.33 | I3: 16.1 | J3: 41.8 | K3: 2.88 | L3: 254.33333 | M3: 184.4 | N3: 89.25 | O3: 46.05 | P3: 2.5 | Q3: 16.5 | R3: 254 | S3: {=_xlfn.IFS($R3<=50,"Good",$R3<=100,"Moderate",$R3<=200,"Poor",$R3<=300,"Very Poor",$R3<=500,"Hazardous")} -> Very Poor | T3: PM2.5
A4: 45292 | B4: East Residential | C4: 49.8 | D4: 53.6 | E4: 113 | F4: 10.44 | G4: 35.6 | H4: 0.52 | I4: 16.2 | J4: 62 | K4: 1.12 | L4: 83 | M4: 53.6 | N4: 141.25 | O4: 26.1 | P4: 89 | Q4: 26 | R4: 141 | S4: {=_xlfn.IFS($R4<=50,"Good",$R4<=100,"Moderate",$R4<=200,"Poor",$R4<=300,"Very Poor",$R4<=500,"Hazardous")} -> Poor | T4: NO2
A5: 45292 | B5: South Market | C5: 114 | D5: 134.3 | E5: 62.7 | F5: 7.99 | G5: 77.7 | H5: 1.91 | I5: 12.6 | J5: 74.8 | K5: 1.03 | L5: 190 | M5: 134.3 | N5: 78.375 | O5: 19.975 | P5: 194.25 | Q5: 95.5 | R5: 194 | S5: {=_xlfn.IFS($R5<=50,"Good",$R5<=100,"Moderate",$R5<=200,"Poor",$R5<=300,"Very Poor",$R5<=500,"Hazardous")} -> Poor | T5: O3
A6: 45292 | B6: West Highway | C6: 116.6 | D6: 5 | E6: 32.4 | F6: 15.81 | G6: 57.9 | H6: 2.29 | I6: 19.2 | J6: 54.6 | K6: 1.23 | L6: 194.33333 | M6: 5 | N6: 40.5 | O6: 39.525 | P6: 144.75 | Q6: 114.5 | R6: 194 | S6: {=_xlfn.IFS($R6<=50,"Good",$R6<=100,"Moderate",$R6<=200,"Poor",$R6<=300,"Very Poor",$R6<=500,"Hazardous")} -> Poor | T6: PM2.5
A7: 45293 | B7: Central City | C7: 70.7 | D7: 169.9 | E7: 121.7 | F7: 17.88 | G7: 1 | H7: 2.57 | I7: 17.3 | J7: 47.8 | K7: 3.23 | L7: 117.83333 | M7: 169.9 | N7: 152.125 | O7: 44.7 | P7: 2.5 | Q7: 128.5 | R7: 170 | S7: {=_xlfn.IFS($R7<=50,"Good",$R7<=100,"Moderate",$R7<=200,"Poor",$R7<=300,"Very Poor",$R7<=500,"Hazardous")} -> Poor | T7: PM10
A8: 45293 | B8: North Industrial | C8: 181.9 | D8: 351.8 | E8: 56.4 | F8: 12.91 | G8: 54.3 | H8: 3.57 | I8: 16.6 | J8: 56.7 | K8: 1.17 | L8: 303.16667 | M8: 351.8 | N8: 70.5 | O8: 32.275 | P8: 135.75 | Q8: 178.5 | R8: 352 | S8: {=_xlfn.IFS($R8<=50,"Good",$R8<=100,"Moderate",$R8<=200,"Poor",$R8<=300,"Very Poor",$R8<=500,"Hazardous")} -> Hazardous | T8: PM10
A9: 45293 | B9: East Residential | C9: 36.7 | D9: 256.5 | E9: 109.6 | F9: 11.61 | G9: 55.7 | H9: 2.15 | I9: 15.5 | J9: 66.5 | K9: 4.35 | L9: 61.166667 | M9: 256.5 | N9: 137 | O9: 29.025 | P9: 139.25 | Q9: 107.5 | R9: 256 | S9: {=_xlfn.IFS($R9<=50,"Good",$R9<=100,"Moderate",$R9<=200,"Poor",$R9<=300,"Very Poor",$R9<=500,"Hazardous")} -> Very Poor | T9: PM10
A10: 45293 | B10: South Market | C10: 94.3 | D10: 342.2 | E10: 2 | F10: 19.38 | G10: 38 | H10: 1.63 | I10: 20.6 | J10: 24.2 | K10: 2.24 | L10: 157.16667 | M10: 342.2 | N10: 2.5 | O10: 48.45 | P10: 95 | Q10: 81.5 | R10: 342 | S10: {=_xlfn.IFS($R10<=50,"Good",$R10<=100,"Moderate",$R10<=200,"Poor",$R10<=300,"Very Poor",$R10<=500,"Hazardous")} -> Hazardous | T10: PM10
A11: 45293 | B11: West Highway | C11: 124.5 | D11: 367.3 | E11: 61 | F11: 6.97 | G11: 27.2 | H11: 3.08 | I11: 22.3 | J11: 50.5 | K11: 3.62 | L11: 207.5 | M11: 367.3 | N11: 76.25 | O11: 17.425 | P11: 68 | Q11: 154 | R11: 367 | S11: {=_xlfn.IFS($R11<=50,"Good",$R11<=100,"Moderate",$R11<=200,"Poor",$R11<=300,"Very Poor",$R11<=500,"Hazardous")} -> Hazardous | T11: PM10
A12: 45294 | B12: Central City | C12: 115.8 | D12: 327.7 | E12: 57 | F12: 11.71 | G12: 31.3 | H12: 0.59 | I12: 22.1 | J12: 64.7 | K12: 2.51 | L12: 193 | M12: 327.7 | N12: 71.25 | O12: 29.275 | P12: 78.25 | Q12: 29.5 | R12: 328 | S12: {=_xlfn.IFS($R12<=50,"Good",$R12<=100,"Moderate",$R12<=200,"Poor",$R12<=300,"Very Poor",$R12<=500,"Hazardous")} -> Hazardous | T12: PM10
A13: 45294 | B13: North Industrial | C13: 105.9 | D13: 70.2 | E13: 73.2 | F13: 12.57 | G13: 22.4 | H13: 2.21 | I13: 22.8 | J13: 94 | K13: 2.71 | L13: 176.5 | M13: 70.2 | N13: 91.5 | O13: 31.425 | P13: 56 | Q13: 110.5 | R13: 177 | S13: {=_xlfn.IFS($R13<=50,"Good",$R13<=100,"Moderate",$R13<=200,"Poor",$R13<=300,"Very Poor",$R13<=500,"Hazardous")} -> Poor | T13: PM2.5
... A1826: 45656 | B1826: West Highway | C1826: 4.9 | D1826: 189.9 | E1826: 27.9 | F1826: 12.66 | G1826: 40.5 | H1826: 3.29 | I1826: 9.4 | J1826: 76.4 | K1826: 3.12 | L1826: 8.1666667 | M1826: 189.9 | N1826: 34.875 | O1826: 31.65 | P1826: 101.25 | Q1826: 164.5 | R1826: 190 | S1826: {=_xlfn.IFS($R1826<=50,"Good",$R1826<=100,"Moderate",$R1826<=200,"Poor",$R1826<=300,"Very Poor",$R1826<=500,"Hazardous")} -> Poor | T1826: PM10
